Date,Product,Category,Region,Units,Revenue,Cost
2026-01-05,AI Starter,Software,Lagos,12,240000,90000
2026-01-12,Automation Pro,Automation,Abuja,8,320000,120000
2026-02-03,AI Starter,Software,Lagos,18,360000,135000
2026-02-18,Analytics Pro,Analytics,Port Harcourt,7,280000,105000
2026-03-04,Automation Pro,Automation,Lagos,15,600000,225000
2026-03-21,Analytics Pro,Analytics,Abuja,10,400000,150000
2026-04-02,AI Starter,Software,Ibadan,21,420000,157500
2026-04-16,Automation Pro,Automation,Lagos,17,680000,255000
2026-05-08,Analytics Pro,Analytics,Lagos,14,560000,210000
2026-05-22,AI Starter,Software,Abuja,25,500000,187500
2026-06-07,Automation Pro,Automation,Port Harcourt,20,800000,300000
2026-06-19,Analytics Pro,Analytics,Lagos,19,760000,285000